product_id,review_count
B00DY1F2CS,4982
B01H74YV56,4925
B003LPTAYI,4735
B004XNK7AI,4672
B003VWJ2K8,4105
B018FCZKR2,3871
B0006NDF8A,3755
B00O4L3F9E,3668
B00063678K,3519
B002VA464S,3489
B01A6B0ICC,3468
B008AOH1O6,3464
B016C4ZG74,3203
B0002E1G5C,3081
B06XCKGLTP,3024
B00646MZHK,2970
B07L5B64RG,2863
B003VWKPHC,2669
B00N1YPXW2,2639
B000XI6O2W,2567
B00KMF11BA,2541
B07WLWN2ZT,2535
B071SGMQ7V,2474
B000065BPB,2457
B005FKF1PY,2393
B01L3LL95O,2370
B001PGXHXA,2328
B00PHVGGMI,2251
B01M1L6OSX,2249
B015XD4YLY,2235
B07Q38FWFJ,2208
B00A2WZJDE,2098
B073LSS9TJ,2079
B004Z17008,2064
B01AJJIQQQ,2005
B07574VQPQ,1973
B07D7QN1Z1,1949
B0002OOMU8,1948
B005CX4GLE,1948
B00I362NXU,1940
B019MF3VCC,1937
B00WHLLDWO,1937
B0779PKLV9,1911
B0001ARCFA,1889
B07D5KK26W,1797
B00191WVF6,1783
B0002GLCRC,1782
B00IJ6QAO2,1741
B0049J4O0K,1731
B00BU9KCXK,1731
B075QVMBT9,1717
B01MSKI46R,1714
B003GEBGA0,1714
B082KGC61N,1700
B001R76D42,1680
B000OR2RNM,1678
B08662LX1S,1658
B0772MTRSH,1607
B014F1UKI6,1581
B00KUC2INU,1573
B0002KZAKS,1564
B06XHN7VRG,1545
B07K8FQFN8,1544
B0002E1O2C,1542
B01JO7AEK0,1539
B0002GXF8Q,1495
B0083FTVB8,1495
B01B15JPCQ,1491
B07Y1C6GDS,1488
B000978D58,1476
B07D6ZVDT6,1466
B017PH9682,1454
B075CKXXKH,1444
B012VQ5A7S,1424
B005MR6IHK,1422
B000VJJQUU,1412
B00QT1E3K2,1394
B00ACFAULC,1390
B001AIQGUO,1388
B01ITCNWC8,1387
B002PAW6AU,1386
B074KGZ9Z7,1384
B00PIQMT7S,1380
B00XOXRTX6,1375
B001L8PIFW,1373
B0002FOBJY,1367
B00HNVYUNW,1365
B00DSSOVJW,1357
B079YWMH91,1356
B07KRTYX5G,1353
B01EGV6UJ8,1351
B0040FJ27S,1349
B00GRRN2RI,1347
B0000775G0,1322
B015R0IQGW,1313
B07PPDY2NS,1312
B00EK1OTZC,1292
B002HJ9PTO,1274
B0058MJX4O,1258
B01N6448Q4,1255
