asin,parent_asin,rating,helpful_vote,verified_purchase,review_length,title,text
B07WLWN2ZT,B0BWQ92ZPY,5.0,4650.0,True,516,Great quality microphone,"[[VIDEOID:b0a0dd6a2f03434fa8fe8ff2b7ac3e9e]] I have uploaded a video to show the sound quality of the microphone. I believe it is very good for this price range. I have a Yeti Blue as well and I cannot tell the difference in sound quality even though it is more expensive.<br />Pros:<br />Plug and Play<br />Pop filters included<br />Great sound quality<br />Shock absorbent<br /><br />Con:<br />Does not have on/off switch, so if you don't want your computer to recognize it as an input, you will need to unplug it."
B01MXL3EOU,B06ZYJ6SJZ,5.0,4234.0,True,145,Great mic for the price!,"[[VIDEOID:2133af750ebbe01652b74bf7b632243f]] Great mic for Podcasting, Voice Overs and basic music recording. Excellent microphone for the price!"
B002VA464S,B0C6H9T5T6,5.0,3158.0,True,249,An incredible microphone packed full of features - for an amazing price [VIDEO],[[VIDEOID:mo5NCD8TDVEJ9P]]Here is my full video review of the Blue Yeti microphone that I made for my YouTube channel. In this video I cover the build and sound quality of this great microphone. Thanks for watching and enjoy!<br /><br />WhatLukeSays
B01F543PAW,B01F543PAW,4.0,2647.0,False,622,Great Starter Package,"[[VIDEOID:1d5de7e340371439eb53b1c18ceeba87]] I'm including a video review as a way of supplementing what other reviewers have already said. This is a nice little ukulele --it's the Kala KA-15S Mahogany Soprano-- and I like the concept of &quot;starter&quot; kit; it addresses the things -- tuning and a few initial chords -- a new player needs most. I would prefer a clip-on tuner like a Snark or Hola to the app tuner, though. While this would add a little to the price, I think the clip-ons are easier for new players to work with than the app, which is a bit imprecise. The online lessons are straighforward and useful."
B071SGMQ7V,B09W4F2X6S,5.0,2541.0,True,149,Hours of driving my husband crazy!,[[VIDEOID:4584a6b1b7e45a24a5ab115a3047c6ca]] My favorite thing in the world. I spend hours jamming to 90’s music while the hubby plays call of dutty.
B0002F58TG,B083FTGJ5Z,5.0,2370.0,True,4308,READ Before you write another bad review!,"I want to start by saying that most of the very few negative reviews on here are because these individuals do not know how to set up a guitar, or know that most new guitars need to be set up in the first place.<br /><br />I think it may be done to save labor, but the truss rod is often not tightened, and the saddle is too high.<br /><br />This guitar also has the capability to sound like a $400 guitar, but this will cost 20 in extra parts. A TUSQ saddle and a new set of strings.  I prefer medium-light for these lesser expensive guys, if the action is set correctly, it will be easy to play and sound beautiful. These are not necessary, but for all the reviewers who say this doesn't sound as good as some of the nice ones, put the new saddle on and the new strings, set the action, torque the truss rod, and you have yourself a wonderful sounding guitar.<br /><br />Regardless of your experience with guitars, an easy test to see if this guitar needs to be set up is to stick a quarter under the 12th fret.  If it has room on top of it before it touches the string, it will need to be set up. Proceed to step 1, if the quarter fits just perfectly with no room, congrats, you got lucky, you are ready to play.<br /><br />1.) If you are new to guitar, I would highly recommend taking it to a guitar shop and having them set your action.  This will usually cost 20-30 bucks but will make this guitar play really nicely, and your progression as a guitarist will be effortless instead of very difficult.  I dont recommend spending the extra money on a new saddle or new strings for a beginner.  To them, this thing will sound full bodied as it is, and you can switch out the saddle and the strings in 6 months or a year when you replace the strings anyway.<br /><br />If you are not new, or new but handy with little repairs and such, go on you-tube and type in ""how to set up your new guitar""  A great video of how to set it up.  For anyone experienced with guitars, the sound quality will be pretty good stock, but to make it resonate and sound full bodied and amazing (like a true solid spruce top guitar) change out the saddle for a TUSQ or something equivalent and buy some Ernie ball Earthwood medium light 80/20 strings.  Together they run $20 and once your action is set correctly and your truss tightened perfectly this thing will sound like a $400 takamine, No joke.<br /><br />I keep referring to the action, this is the amount of space between the frets and the strings, it is the most crucial part of setting up a new guitar and will make ease of playing, sound quality and the whole experience fantastic.  The way to decrease action is to loosen the strings enough to pull the saddle out and  sand it down 1/32 - 1/8th inch depending on how much is needed.  This process takes less than 10 minutes yet many players don't know how, or don't know that this is an option.<br /><br />Many reviewers on here say that the ""action is too high"" which it may be, but it is VERY easy to fix, and makes or breaks any inexpensive guitar.  Please don't listen to the bad reviews from the individuals that have not yet set up their action correctly, this is a takamine (Taak-ah-mani)which is a fantastic brand that makes fantastic quality guitars, do not be fooled by the price tag. This is a beauty, and is simple but perfect for any person with a spare 100 bucks.<br /><br />And honestly, I would not buy any guitar upgrade until you could afford a Seagull s6 (roughly $400) as the seagull will play like a $1,200 guitar.  DO NOT waste your money on any other cheap guitar out there, and remember... when you buy a new guitar, it needs to be set up!<br /><br />You now know more than 90% of the people out there, so the next time you hear someone saying ""the action is way too high"" or ""This cheap guitar doesn't have sustain"" or ""this doesn't sound full bodied like the nice ones."" Just smile and know that all they need is to buy a new saddle, some new strings, and adjust the action (all less than 20 bucks if you do the work yourself).  I have seen friends buy $1000 guitars and never sand the saddle down, it makes me sad.<br /><br />I know this is long guys, but thank you for reading, I highly recommend this guy, and I highly recommend the seagull s6 as the next guitar upgrade.  Have fun playing!"
B001LU1SFO,B07DMS2QNL,5.0,2322.0,True,4782,Only $53???!!!  A semi-professional guitarists perspective...,"Previously I wrote a review regarding the Makala Shark Bridge Soprano Ukulele.  Unfortunately, with that particular uke, it arrived in very disappointing fashion.  The workmanship [or lack thereof] and quality control issues forced us returning it, and spending an additional $10 for the Kala Mahogany Soprano Ukulele.  Let me just say that the differences between these two Ukuleles is truly like night and day…<br /><br />…for those of you who DIDN'T read my previous review, I will say that I've been a guitarist for over 25 years.  I have a lot of experience in the construction, setup, and playing of acoustic and electric stringed instruments.  Specifically I am a rock and metal player, but cull experience from nearly every genre of music.  My wife and I were searching for an inexpensive  beginner's ukulele for a 5 year old girl to use for her first foray into music.  Upon ordering the ukes, we had them delivered to us so that I could go over them, make sure that they were properly constructed and setup prior to sending to her.  Being that I have given MANY lessons in my day, and have encountered many different instruments, I know that THE most common reason that a student gives up on a stringed instrument is if it is poorly set-up [i.e., physically hard to play].  NO stringed instrument should require a Herculean amount of strength.<br /><br />The Kala Ukulele arrived very well packed…by both Amazon and from the company.  Upon taking the ukulele out of it's second inner most packing box, I could immediately see that it was in fact made of mahogany [intentional mislabeling of construction wood is an unfortunate part of inexpensive guitars and stringed instruments].  Not only is this actual mahogany, but it is a very excellent example of mahogany.  The wood is a deep shade of brown with a dark black grain running throughout.  The pores of the wood [a tale tale sign of true mahogany] are very visible and clearly indicate that this is an excellent example of mahogany.<br /><br />The fretwork is EXEMPLARY.  I've seen $400-$500 guitars have fretwork not as good as this.  The brass frets are all properly seated and well finished.  For anyone familiar with guitars and stringed instruments, fret ends [the point at which your hand makes contact up and down the neck] can be a very troubling point of contact with inexpensive instruments.  However, these frets have been manicured to a level that there is no sensation whatsoever.<br /><br />Another point of emphasis: the nut.  The nut, in my estimation is one of THE most important parts of any stringed instrument.  A nut should be properly cut as to allow the strings to move without binding [binding creates issues with tuning and intonation] and the nut slots should be cut as so to allow the strings a downward trajectory into the tuning machines [maximizing resonance and projection of the instrument].  Again, this instrument is exemplary as it relates to the nut.  The nut is a plastic &#34;bone facsimile&#34; and it is properly cut with an attention to detail I could never have expected at this price point.<br /><br />Tuning CAN be a bit tedious with this uke…the tuners are VERY pedestrian, but at $53 [most tuning machine sets cost more than this ukulele did] one shouldn't expect them to be more than utilitarian.  Please be prepared for the tuning machines to slip a bit when tuning…it's very easy to get impatient, but if you take your time it will get to pitch.  Once you've tuned the ukulele, as with any stringed instrument, it will be important to stretch the strings and then retune at least two additional times before optimal tuning stability will be achieved.<br /><br />Upon tuning the ukulele, and strumming some chords, I quickly realized what a gem this truly is.  The uke is dynamic, resonant, and truly is the sum of all the aforementioned parts.  Single notes sing out and have great harmonic content.  Chords ring and project very well.  I have played every note on the fingerboard and none of them are dead or have any intonation issues whatsoever.<br /><br />To put this in perspective, I just bought myself a guitar three weeks ago.  It cost me $2,500.  It is the epitome of modern guitar construction and is arguably the greatest stringed instrument I've ever played.  But this $53 Kala Uke has a home, in my home, right next to that guitar.  I'm not comparing the two; I'm simply saying that the playability is such that I WILL be buying myself one once this goes to our granddaughter.  The &#34;dollars per smile&#34; ratio on this thing is incomprehensible.  I can not say enough about this Ukulele and if you're in the market for a Uke PLEASE do yourself a favor and buy one.  You will NOT be disappointed, nor will you regret it for one single solitary minute."
B075CKXXKH,B09W4F2X6S,5.0,2014.0,True,464,Great mic!,"[[VIDEOID:504999d9f1b8c0102353e9dc5737f426]] It's well packaged in a case together with a charging cord, aux cord, and 2 windscreens. I really loved this karaoke mic! I would say that the microphone is loud enough. Also, it has long battery life! Though it's not a professional mic, it's worth it! It's very easy and fun to use.<br />[I have attached a video; using the microphone. It could be louder, but it's already late at night so I didn't sing that loud :))]"
B07BHLGK87,B09W5LPHBZ,5.0,2008.0,True,545,Got this for my birthday to practice singing,"[[VIDEOID:5a67e53255431921e68a910c028eb0f3]] I wasn’t expecting this to be such an amazing microphone.  For what it is, I was extremely pleased with it.  Volume is good, the ability to adjust vocal volume and music volume is seriously the best!  I love how it lights up as you sing.  My only “complaint” is that I wish it had a reverb function instead of the echo, but even that is not terrible!  Absolutely love that it came with a case to keep it safe.  I also already dropped it once and it didn’t event dent or anything.  So worth the money!"
B004Z2NT2U,B01M72N0A6,4.0,1964.0,True,7838,Give It a Chance,"I bought this for my 8 year-old niece for Christmas. She's been begging to have a violin for as long as I can remember, and I can guaranty she won't be disappointed with this instrument.<br /><br />There are some things that need to be said in this review though.<br /><br />First of all, I've played guitar for the last 33 years. I began playing when I was ten. By the time I was a teenager, I was not only playing guitar and bass, but I was doing repair work for myself and other people. I know electric guitars and basses inside and out. About the only thing I can't, or won't do with one of these instruments is a re-fret - mainly because I don't have the space or the tools for it. I've been setting up stringed instruments for more than half my life.<br /><br />That being said...<br /><br />I firmly believe a lot of the negative reviews I've read here are written by people who felt the violin should have been in tune and playable right out of the box - which is ludicrous. This is a small, acoustic instrument. Shipping one of these things tuned to pitch would nearly guaranty a broken instrument upon arrival. These are shipped out with the strings slacked. The one I purchased had the bridge in place, but it was by no means in the correct place - directly between the middle of the two f-holes. It couldn't be. With the strings slacked, the slightest bump to the package could dislodge it.<br /><br />I presume the majority of the negative reviews I read were written by people in the United States, where the people are taught by their televisions that everything is easy, nothing requires effort, and when you buy something, it has to work right out of the box - otherwise it's defective. I know, I live in the US.<br /><br />If you're considering buying this, or ANY acoustic stringed instrument through an online retailer like Amazon, you're either going to have to learn some new skills in setting up an acoustic instrument, or take it to someone (reputable) who has the skills the set up an acoustic instrument for you. If you bought one of these instruments in a local music store, the set up would be done in the store prior to sale, and I'm sure the house luthier (instrument repair guy) would give it a ""once-over"" and a final tuning before you took it home. You're paying for this. It's why this same violin would be twenty or thirty dollars more if you bought it in a local music store.<br /><br />For a guy like me, learning how to set up a whole new instrument was a joy.<br /><br />Here are some quick tips on how you can do this yourself:<br /><br />1.) The rosin cake that comes with the violin has a glaze over it to keep it from powdering up everything in the case during shipment. You'll need to ""get it started"". Take an emery board (nail file) or a little bit of sandpaper and sand off that top glaze until the cake starts to get powdery.<br /><br />2.) The tuning pegs WILL NOT hold a proper tuning on the strings right out of the box! I don't care if you paid fifty grand for a new violin - if it has new pegs and new strings, they WILL slip. Take the strings off one at a time (I started with the G string) and apply your now powdery rosin to each peg - get the ends really good - and also apply some rosin to the holes in the headstock where the peg was. Replace the peg and the string. You'll now notice that there's a stiffness and a tackiness when turning the peg in its holes. This will prevent string slippage. If it's still a little loose, rap the peg head loosely with your knuckles to seat it a little better in the peg holes. Don't pull out a mallet or anything drastic like that - just knock on the peg head as if you were knocking on a door. It should seat it better. Again, even the most expensive violins require these adjustments to stay in tune. Follow these steps for each string, removing only one string at a time. When you tighten each string back up, only get it tight enough to allow the bridge to stand up. Don't try to tune the strings to pitch until you completed this process for all four strings.<br /><br />3.) When all your peg holes and pegs are rosined up and back in place, make sure those strings have enough tension on them to keep the bridge erect, but not so much that the bridge is immovable. Start turning your pegs, G-string first - tune from low to high. The bridge will move around as you tune, that's fine. Just keep nudging it back into place. You're not tuning yet, you're putting tension on each string to secure the bridge in place. Once you feel you have an even tension (more or less) across all four strings and the bridge is staying where it should (between the very middle of the two f-holes), then you can start tuning the instrument to pitch.<br /><br />4.) Rosin your bow. Without rosin on the bow, the hairs will just glide across the strings without producing any appreciable vibration - in other words - no note. The rosin creates friction between the two surfaces and causes the string(s) to vibrate. Playing your new violin without rosin is about the same as playing it without strings.<br /><br />5.) Your new violin will still go out of tune! Yes. Why? Because it was shipped to you with new strings, that's why! I know this from playing guitar for as long as I have. New strings have a certain ""breaking in "" period. Once the strings settle into their tuning, try to avoid tuning with the pegs and use the fine tuners in the bridge to make minute adjustments to the tuning of your new instrument. Righty tighty, lefty loosen. Tightening the fine tuners will bring the pitch of the string up, loosening the fine tuner will bring it down. During your initial set up, make sure the fine tuners are tightened mid-way - that way you have room to move either up or down in pitch once the strings are broken in. The fine tuners on the instrument I purchased pretty much arrived this way, but it doesn't hurt to check.<br /><br />6.) One last piece of advice, if you break a string, change them all, don't just change one. It's like tires on a car. It's better to replace all four at once than it is to replace one at a time. Your violin will just sound and respond better if you do.<br /><br />Now that all that stuff is out of the way, I'll conclude this review with an actual review.<br /><br />As far as the construction of the instrument goes - it's okay. It's maple - maple is a good, solid, tone wood - not too expensive, but certainly not plastic, like I've seen for other instruments in this price range. The maple finger board (stained dark to resemble ebony) is okay, again MUCH better than plastic. I'd personally like to see rosewood or pau ferro. It wouldn't be too expensive in violin size to substitute one of these tone woods - either one would have a ""slicker"" feel than stained maple and still be cost-effective for a beginner's instrument. The stained maple pegs are just fine, they do the job and again, infinitely better than plastic.<br /><br />The tone bar seems to be seated well and in its proper place. I'm happy it's there to begin with. At this price range, it isn't unexpected to not see one at all.<br /><br />I'm not an experienced player by any means, so I don't know much about the accessories, but the included chin rest and shoulder rest seem pretty adequate. Adding the shoulder rest made it a lot more comfortable for me to play - well, squeak out some notes anyway.<br /><br />I'd say, all in all, it's a solid little first instrument. It's not mind-blowing. You get what you pay for, and I think in this case, you might even be getting a little more. The instrument itself, aside from its chin rest and shoulder rest, is all wood and metal - no plastic - which is a wonderful thing.<br /><br />In conclusion, I'd say, put in some TIME. Put in some EFFORT, and you'll have a decent instrument to learn with."
B0037JT95I,B0037JT95I,4.0,1909.0,False,2106,"Great Machine, & get a 1/8"" Stereo Cable for  MUCH MORE MUSIC AND VERSATILITY","So far, lots of fun for the money.  here's something I didn't see on the product description or in other reviews that you might find helpful:  I would recommend getting a  1/8&#34; (3.5mm) Stereo Cable (9.99 at Radio Shack, probably cheaper if you shop online, but I didn't know I needed it..) that will connect most personal audio devices--including iphone, ipod, and ipad to the Signing Machine via the Audio IN (marked only by a musical note) spot in the back of the machine next to the spot where the video OUT cables attach.<br /><br />This is a cool because it: 1) enables you to skip the purchase of tons of karoyke CDs, especially those your kids will demand today, but never listen to again by next month 2) plug in your Ipad and use the zillions of karaoke song/video lyrics that can be found on YouTube 3) plug in your Mp3 or iphone--especially if you have a streaming service --and find virtually any karaoke recording you could ever want and blast it through the singing machine.<br /><br />My next project is to use the chromecaster so that the YouTube karaoke lyrics can be broadcast on the TV, because now the lyrics only scroll on the ipad, not the TV.  this is a small tradeoff though because YouTube is providing a vast karaoke library without purchasing lots of CDs, some of which will fall out of favor with the group.  It's best to turn the ipad volume all the way up in order to get maximum sound.<br /><br />One other thing, especially for little kids, that makes this cable a good idea----the songs that little kids often want to sing from their favorite recording artists are difficult--it's not the worst thing in the world to sing along WITH their favorite recordings--the mike easily enables the child's voice to boom over the singer's voice...but the singer is there for a guide; it's hard for little kids and even some adults to follow scrolling lyrics. OK so this may not be pure karaoke, but I bought this to entertain the kids, so I'm not a stickler for karaoke rules :-)<br />If you get this stereo cable, you are REALLY upgrading a relatively inexpensive karaoke model !"
B0002E4Z8M,B0B89ZSYS7,5.0,1846.0,True,5631,Excellent but largely misunderstood microphone,"I'm a musician/singer/songwriter and  produce/engineer my own music with 3 album releases, yet being independent I have no claim to commercial funding so every piece of equipment I buy is a precious investment. I bought my SM7B after much research and have done numerous audio tests in my studio, with some preliminary recordings for a planned new album. (I put in this boring self-description so you can judge where I'm coming from in writing this review).<br /><br />I believe many/most people buy this microphone without fully understanding what they are buying. The Shure name and the hype about Michael Jackson recording with it tends to cloud the judging process, so for many it's a quick decision to buy. But a more detailed analysis reveals more characteristics and with better understanding you can put aside the hype and probably appreciate theSM7B for what it truly is : a fantastic Dynamic microphone with a SM58-like character that works for robust studio-recordings IF you have a high-quality high-gain preamp to use with it.<br /><br />Being a dynamic microphone, it does not have it's own preamp and is thus not as sensitive as a condenser mic. It's therefore not very useful for recording delicate singing voices, it's just not sensitive enough. But it will handle loud,screaming vocals easily, the capsule is robust enough to take in all that high energy. This is just the physics/science of microphones: dynamic mics handle loud sounds better, condensers handle delicate things better.<br /><br />But the SM7B is not like the Shure SM58 dynamic mic, it's capsule elements are thinner and much more sensitive, so it's sensitivity does lean towards the condensers, but being a dynamic mic this sensitivity comes at the expense of it only being able to produce a weak signal, so it needs a preamp with plenty of clean gain before the signal can be used.....if you really think hard about it, it is thus trying to be like a condenser mic, but whereas a condenser mic has a built-in preamp, this SM7B needs an external preamp! In-between, that's where it is.<br /><br />But the story gets more interesting. The SM7B has ""character""... the audio pattern mimics the legendary SM58's presence-boosting curve, so the SM7B can give your recorded voice the classic Shure SM58 ""live"" character if you know how to use it right (though again you need to keep in mind that it's never going to be as delicate as a condenser mic, still if you know what you're doing you might find it a worthy trade-off to get great character with the loss of some delicate-ness. Post-recording engineering, a bit of compression and you're back in the game.)<br /><br />Misconception: There is a presence-boosting switch. Nope. What the switch does is take away the presence to give you a flat-response curve, i.e. in its natural state the presence is already boosted, the switch is misleading, the flat-response is the altered state.<br /><br />Misconception: The pop-filters (windscreens) provided give you a natural sound. No they don't. They filter off the high-frequencies, giving you a flatter sound. This is perfect for podcasting, and you can speak with your mouth close to the mic without having pops (use the thinner or thicker filter, depending on how robust your POP-ing is getting), but for singing you want to take off the windscreens, leave the metal grill exposed, and use a proper external POP filter.<br /><br />For recording of  a singer, the magic comes with a proper external POP filter, no need for a super-expensive one, but one with at least a double-grille and larger (6inch minimum) diameter. Shure sells such a POP filter, good enough for the task.  Once you're using a proper external pop filter, you can place it really close to the metal grille front, have your SM7B switches without bass-cut and with the presence-boost on (as I said it earlier this is actually a no-presence-cut position rather than a real boost)...and you can record your singing in all it's glory, your voice gets recorded as if you were winging with a Shure SM58 on steroids, i.e the ""character"" of the mic is there. There is no need to switch off this presence, you can always do so in the mixing stage.  You thus end up recording with a high degree of sensitivity yet having a very low noise floor (the advantage of a dynamic mic).<br /><br />The is not much proximity effect with this mic, the metal grille extends far beyond the capsule element so your mouth cannot get really too close to the capsule. (Hats off to the Shure engineers for this bit of idiot-proofing). Imagine a super-sensitive SM58 with a Blues singer planting his lips of the grille and you're recording his voice in a studio, and you're in 'POP hell...now you appreciate the engineering :)<br /><br />Apologies for the lengthy review, but I do believe I've given an honest description of the important details. PODcast users may find this mic overkill but hey if you have the cash then flout it, though you could get the same audio with a cheap condenser with a big windshield and some EQ work. Recording vocalists with a more dynamic vocal range is where the SM7B will probably shine, and especially with louder vocalists, or for recording alongside other instruments being played simultaneously, where the bleed from other sounds is significantly reduced with such a cardiod-pattern dynamic mic.<br /><br />I'm very happy with this mic, have done tons of audio tests with it. I'll use it for my more rocking vocals, leaving the delicate ballads to a condenser mic. Hope this review helps you decide what's best for you, make the best use of your hard-earned $. Cheers."
B01MXTCVFL,B01N48FPRS,5.0,1830.0,True,1570,FYI do your research,"For all future buyers with no experience or knowledge of violins, this needs to be said because many of these instruments have been sent back with nothing wrong with them. Do more research than just reading reviews. Ive seen dozens of reviews complaining about the finish on the neck. The neck normally is not finished, and hasn't been for centuries. The finish can cause your fingers to not slide, causing sour notes due to poor fingering. I've also seen claims of the violin being broken on arrival because the bridge had fallen in transport. The bridge is not fixed to the instrument like on a guitar. String tension holds it to the violin. If the strings are loosened or if the bridge tilts forward, the bridge will fall. It just needs to be set back up between the notches in the f-holes. The tuner has 4 modes on it: guitar, bass, violin, and cello. When tuning the violin for the first time, be certain to set it to violin or you will likely break a string. And finally, the tuning pegs. Unlike a guitar that uses a set of gears in the tuning machines, the tuning pegs on a violin are tapered and held in place solely by friction. When tuning, you must push in when you turn the pegs to seat the taper or they will slip and not retain tension on the string.<br /><br />Please future buyers, do your homework so you wont be disappointed or believe something is wrong with what you've bought when it is exactly as it should be.<br /><br />With that said, 100% satisfied with my purchase. Tuner worked fine, already playing my first notes within an hour of unboxing."
B01LY8OUQW,B072JT59TD,5.0,1812.0,True,3651,A Thorough Review- Professional Musician’s Perspective,"I have played piano for 18 years now and recently moved into my own place. I desperately missed having a piano to play on a daily basis, but I do not have the space for a real piano. I did a SIGNIFICANT amount of research before settling on this Yamaha digital piano, because I wanted a high quality instrument that also did not hugely break the bank. As a professional musician, here is why I decided on the P71:<br /><br />-The weighted keys on this instrument truly feel like the real thing. I’ve played on “plasticy” keyboards before and nothing is more unsatisfying if you’ve played on a real instrument throughout your life. The P71 feels just as genuine as playing a real piano. In fact, depending on piano brand, it feels smoother. The touch sensitivity is wonderful as well, and also adjustable to your liking!<br /><br />-The sound is beautiful with a large volume range. I especially love the way the bass rings out with a gorgeous fullness. The higher octaves seem to be a little thinner, but that’s to be expected since it’s up the keyboard.<br /><br />-There is so much variety on this instrument to play with! There are many customizable options on this piano and I haven’t even dived into everything it can do yet. Sound changes, sound combinations, sensitivity adjustments, tempo adjustments, etc etc etc. I love having the ability to experiment and find what I like for any given piece of music! However, I also liked the simplicity of the customizations; Sometimes, less is more with the amount of buttons and gadgets.<br /><br />-Weight and travel. This piano isn’t “light” per say, but it’s not insanely heavy or difficult to travel with either. It’s a full 88-key size, but I can easily pick it up on my own (unlike some other digital piano brands). I was able to load this piano up into the back seat of my Honda Civic for a gig along with the stand and bench I bought separate. I was able to load all my gear onto one hotel cart and make it up to the rooftop bar in a single trip. Super convenient for me and the staff, since I didn’t have to bother them with setup assistance.<br /><br />-Price. If I truly wanted to, I could’ve shelled out the cash to get a fancier digital piano. However, I felt confident that I would get almost the same experience with this one as well as the convenience factor of being able to travel and gig with it. You can pay more, but you’re most likely sacrificing the ability to leave your home with it without extra arrangements (because at that point you’re paying for something like a Clavinova, for example). I also appreciated the fact that I could set up a short-term payment plan with Amazon to afford this instrument. I am paying 80 bucks a month for 5 months and it’s mine to love on forever. If I did that with a more expensive digital piano, I’d be locked down for a solid year or more.<br /><br />-Brand. Yamaha is a reputable brand in the music world and I trust their products. My professional model flute is a Yamaha (approx. $4000), and it plays better than some of the $8000 flutes I played on while selecting which instrument I would purchase in college. Yamaha=quality and I trust their pianos just as much as their other instruments.<br /><br />Overall, this is among one of the best musical purchases I’ve made for myself. My piano is my self-care as well as a part of my profession, and I enjoy this instrument on a daily basis. You won’t regret it!<br /><br />UPDATE, 8/3/2021: I’ve had this digital piano for almost two years now and I still love it SO much. I continue to play regularly and the quality is exactly the same as the day I bought it. This Yamaha is a winner!"
B01A6B0ICC,B0B7896KQT,5.0,1757.0,True,996,Small but great sound,"[[VIDEOID:64e75735e9801b4f0d56f35d31ff1dc0]] I had apprehensions about purchasing a small bowl only because of the depth of sound. I know nothing about Chakras or which notes the various types of bowls play, I only know what is pleasing to me and helps me to clear my mind while meditating. This little bowl fits very well in to my evening routine and I am VERY pleased with my purchase. It was fairly easy to get the bowl to sing and to actually change the pitch by changing the angle of the striker along with the speed and pressure variation.<br /><br />Some caveats to be aware if is that the striker for it is just a standard piece of wood, not glossy or wrapped in anything, which means the wood does get dirty from sliding around the outer edge of the bowl. This is not a big deal for me since I actually use this for meditation and not as a centerpiece to a display or anything.<br /><br />The seller was prompt and the item was as it was advertised so I am very happy with this purchase."
B00JBJ2HNO,B0B5NY8CG6,4.0,1743.0,False,6949,"The Good, Bad, and UGLY which is 85% expectation based (and money saving information).","We purchased this product for my children who are avid singers (one of which takes lessons and sings regularly.<br /><br />This product can clearly be rated a 4/5 star for most people who still buy this AFTER reading this review.  It can also be a 1/2 star product if your expectations are not aligned with reality.<br /><br />I give this product 4/5 stars because our expectations were based on reality AND we knew Youtube existed BEFORE we purchased the system (shocker I know).<br /><br />THE UGLY (however this is 100% avoidable and will likely only upset if you fell victim).<br /><br />Many unsuspecting people will feel they need to download the Singtrix application on their smart device, since the company who made the product will likely have the best quality of songs that naturally work with the system correct?  WRONG. SAVE YOUR MONEY.  The application is basic enough, but you can get higher quality songs (in many different variation) by using YouTube.  Just type in Karaoke (insert name of song here) and you will likely get a half dozen options, from instrumental on piano, to many times the real song with no vocal, or vocals reduced.  My families favorite are the VEVO Karaoke songs on Youtube.  My kids are singing their favorites from recent songs like Titanium, Dynamite, All of Me,etc. while there are literally thousands of songs for my wife and I from our generation from artist like the Eagles, Fleetwood Mac, etc.<br /><br />The $20 per month Singtrix asked for their music is ridiculous... and the quality / version are often boring instrumentals my kids didn't like anyway.  You also can't easily preview their songs... until you drop the monthly subscription fee... so save your money.<br /><br />The only downside to Youtube?  With many songs you will have to listen to 3-5 seconds of commercials (which you can immediately skip).<br /><br />THE BAD:  (Again, only Bad if your expectations were off)<br /><br />(1) If you are a bad singer, this system will only make you slightly better... don't expect to see results like the videos on YouTube where those actors could already sing.  Trust me, if we had a dog, he would still be howling during select notes my wife hits.. (ok... me too).  My daughter who sounds incredible live in front of 200 people with only her voice does sound great... but some effects can make her sound worse as well.  There are ~300 settings... so finding the ones that make you sound good can take a little time and practice.  Great thing is you can save your favorites so you aren't looking for them for long.<br /><br />Some people only are really upset that this system didn't make them sound like good .... and I understand the videos make it seem like anyone can become a great singer.  Not true... and the AXE commercials make you feel like if you use their product you will have supermodels draped all over you.  So I live in reality... I sound better... it is great fun... so the fact that I don't sound like John Legend going with only a mix on the Oprah show doesn't bother me.<br /><br />(2) This is a system consisting of an AMP and a effects box (which is very cool) but DOES NOT COME WITH ANY SONGS.  It is NOT a karaoke system.  But for us, who cares... we use our iPad and Youtube.  Problem solved and we avoid monthly subscriptions and having to managed specific files like most karaoke systems use.  Not sure why SELECT people are so upset with this online and recommending system that use specific karaoke songs you pay for and manage with specific file types.  These people obviously haven't found Youtube.<br /><br />(3) The feature where you can use your own music and hit the ""song voice"" button to REDUCE the vocals on your own iTunes music doesn't work well... it kind of mutes the entire music on the treble side and doesn't really work well.  But again, we use real Karaoke songs off YouTube with no vocals... so this didn't impact us much, but I will admit I was a little disappointed.  I expected more from this function, but realize now there is only so much one can do.  However this had ZERO impact on our enjoyment of the Singtrix.<br /><br />THE GREAT:<br /><br />My kids didn't expect this gift this holiday.  I got lucky enough to get one from a large mass retailer online since Amazon was backordered until Jan.  My kids were ""eh"" at first... as they didn't completely understand it.<br /><br />All I can say is once they used it once... it was a non-stop singing session all day.  Even my wife, who rolled her eyes and swore she wouldn't use it slowly migrated towards the kids this AM and within about 90 minutes she was singing.  My family had a blast today with this system.  After lunch, the family left once we finished a hearty meal, my 3 girls were passed out from getting up so early... my wife was STILL on this system singing.<br /><br />I myself spent at least an hour today singing old 70's and 80's classics... and I sounded pretty good with some setting (which you need to play with).<br /><br />Which leads to another GREAT thing about this system... there is an earphone jack.  Because as great as the wife and I sound... there is only so much one can take.  I literally heard the YouTube Karaoke version of Christina Perri's ""Thousand Miles"" at least 40 times today... so if you are getting this for kids, make sure you have a good set of earphones for those times when you can't take another round of ""Let it Go"" today.<br /><br />But overall the system is a blast... and as long as your expectations are in-line... you will have a blast.<br /><br />If you read this review, and understand what you are getting, you won't be disappointed.<br /><br />Conclusion:<br />Don't let the negative consumers who complain about not going from tone deaf to Usher turn you off... I am still using AXE and haven't gotten a second look from a supermodel... much less two on my lap.<br /><br />Don't let the negative consumers who wanted a full Karaoke system turn you off... because with an Smart Device you DO have a Karaoke system.  No need for a big monitor and system specific Karaoke files to manage.  You can literally pick this entire system up and carry it from one place to another in about 2 mins (plugging in the two power supplies will take 75% of that time).<br /><br />Use YouTube Karaoke videos... they are great and offer more songs than you will ever use.<br /><br />Have fun... keep your expectations realistic.  You will have a great time with this unit... if you sing well, you will sound great.  If you sound mediocre... you will sound better.  If you are tone deaf and sound horrible... you will be tolerable on this system (at least for a while).  But no matter what skill level you are... you will have FUN.<br /><br />If you host lots of parties?  It is a must have.  I couldn't imagine having this back in my younger days.  Combined with alcohol, bad break-ups, crazy friends, etc... this would be an insane amount of fun."
B0049J6FWA,B0BTR12G3V,4.0,1689.0,True,882,Great Starter Guitar,"If you are a serious musician who expects Cordoba quality from a **$40 guitar**, this is not the sort of guitar for you.  Hit up a pawn shop and hope someone else's misfortune will be your good fortune.  However, jf you are just starting out and want something inexpensive to find out if the guitar is for you, this is a good choice.  If you are purchasing this for a teenager who is interested this week, but may or may not be next week, this is a good choice.  If you want something inexpensive to travel with that sounds pretty good, but won't break your heart when it inevitably gets damaged by the airline, this is for you.  If you're drunk shopping and drunk you doesn't know if sober you wants a guitar, this is a good choice.  It is not a toy and it is not appropriate for a small child.  It is a good, basic starter guitar for less than a good set of strings will cost you."
B07987K4F5,B0C43X1YDH,3.0,1563.0,True,355,Meh...,[[VIDEOID:59e0ea718beb25e162fd170c29a92221]] It’s an okay piano. I’ll use it because I am just learning right now but it sounds strange. Like they took a normal piano and put a robot sound filter on it. The video is of it on normal piano. It’ll do but if you want a quality one I wouldn’t buy this one. This is a good deal for what you are getting though.
B01LY8OUQW,B072JT59TD,5.0,1545.0,True,595,The sustain pedal does not work. It does the ...,"The sustain pedal does not work. It does the opposite of what it supposed to do. When you don't press it the sound is sustained, but then when you press it the sound got cut off.<br />Also, cannot register the product. Yamaha doesn't seem to have an option of P-71.<br /><br />UPDATE ON SUSTAIN PEDAL.<br />I found that a number of people have this same problem. The thing is you need to plug in the sustain pedal in BEFORE turning the piano keyboard on. If you plug it in when the piano is already on, it will do the reverse of what it supposed to do.<br /><br />Hope this help some people out."
B01M1L6OSX,B09RK771GP,5.0,1473.0,False,244,This ukelele ROCKS!,"[[VIDEOID:3d5628a688007852a271cd8dc4eeb678]] The Donner Concert Ukelele is perfect! I have played it every day since it arrived, and have no complaints. The tuner works perfectly, there are guides for chords and finger placement, I am thrilled!"
