year,month,review_count
1999,8,1
1999,10,1
2000,1,4
2000,2,1
2000,4,1
2000,5,1
2000,6,1
2000,7,5
2000,8,2
2000,9,2
2000,10,3
2000,11,4
2000,12,5
2001,1,2
2001,2,2
2001,3,5
2001,4,4
2001,5,1
2001,7,4
2001,8,6
2001,9,4
2001,10,1
2001,11,7
2001,12,9
2002,1,5
2002,2,4
2002,3,5
2002,4,5
2002,5,6
2002,6,4
2002,7,6
2002,8,4
2002,9,6
2002,10,11
2002,11,5
2002,12,7
2003,1,13
2003,2,15
2003,3,16
2003,4,11
2003,5,10
2003,6,15
2003,7,18
2003,8,13
2003,9,20
2003,10,19
2003,11,14
2003,12,22
2004,1,36
2004,2,21
2004,3,25
2004,4,20
2004,5,15
2004,6,17
2004,7,24
2004,8,45
2004,9,31
2004,10,51
2004,11,57
2004,12,83
2005,1,54
2005,2,66
2005,3,66
2005,4,36
2005,5,57
2005,6,40
2005,7,54
2005,8,71
2005,9,100
2005,10,81
2005,11,52
2005,12,92
2006,1,108
2006,2,94
2006,3,118
2006,4,59
2006,5,54
2006,6,74
2006,7,108
2006,8,120
2006,9,65
2006,10,84
2006,11,156
2006,12,154
2007,1,471
2007,2,209
2007,3,294
2007,4,167
2007,5,249
2007,6,154
2007,7,191
2007,8,208
2007,9,196
2007,10,236
2007,11,244
2007,12,372
2008,1,430
2008,2,329
2008,3,284
2008,4,339
2008,5,308
2008,6,314
2008,7,324
2008,8,320
2008,9,363
2008,10,373
2008,11,400
2008,12,535
2009,1,752
2009,2,563
2009,3,539
2009,4,559
2009,5,542
2009,6,550
2009,7,411
2009,8,512
2009,9,680
2009,10,704
2009,11,723
2009,12,999
2010,1,1186
2010,2,1341
2010,3,1255
2010,4,1164
2010,5,1224
2010,6,1092
2010,7,1230
2010,8,1332
2010,9,1494
2010,10,1465
2010,11,1641
2010,12,2375
2011,1,2898
2011,2,2104
2011,3,2319
2011,4,2188
2011,5,2247
2011,6,2270
2011,7,2471
2011,8,2624
2011,9,2701
2011,10,3033
2011,11,3116
2011,12,4039
2012,1,4721
2012,2,3515
2012,3,3385
2012,4,3122
2012,5,3146
2012,6,3033
2012,7,3270
2012,8,3298
2012,9,3446
2012,10,4031
2012,11,5387
2012,12,10770
2013,1,13033
2013,2,9781
2013,3,10080
2013,4,8991
2013,5,8868
2013,6,8150
2013,7,8431
2013,8,9088
2013,9,8009
2013,10,9351
2013,11,8764
2013,12,12903
2014,1,16109
2014,2,11902
2014,3,12410
2014,4,10463
2014,5,10144
2014,6,9483
2014,7,15251
2014,8,15917
2014,9,15859
2014,10,16469
2014,11,15849
2014,12,22202
2015,1,25356
2015,2,22017
2015,3,22658
2015,4,19102
2015,5,18007
2015,6,17794
2015,7,18362
2015,8,18995
2015,9,18251
2015,10,19846
2015,11,19596
2015,12,19509
2016,1,25427
2016,2,23032
2016,3,25240
2016,4,19436
2016,5,21471
2016,6,20589
2016,7,20314
2016,8,21504
2016,9,20750
2016,10,20837
2016,11,19749
2016,12,29639
2017,1,32581
2017,2,22819
2017,3,25899
2017,4,21500
2017,5,20224
2017,6,18326
2017,7,18177
2017,8,20166
2017,9,19338
2017,10,18936
2017,11,19127
2017,12,21542
2018,1,26902
2018,2,23109
2018,3,26340
2018,4,23510
2018,5,21014
2018,6,20990
2018,7,21273
2018,8,20866
2018,9,18681
2018,10,20600
2018,11,20146
2018,12,26999
2019,1,31113
2019,2,23121
2019,3,25929
2019,4,24438
2019,5,25596
2019,6,27166
2019,7,32309
2019,8,28339
2019,9,25364
2019,10,26664
2019,11,28163
2019,12,44398
2020,1,48949
2020,2,38666
2020,3,28470
2020,4,19261
2020,5,29418
2020,6,27706
2020,7,31216
2020,8,31162
2020,9,31068
2020,10,31919
2020,11,29884
2020,12,38370
2021,1,44325
2021,2,39324
2021,3,46283
2021,4,38560
2021,5,32717
2021,6,30663
2021,7,29965
2021,8,26774
2021,9,23576
2021,10,23694
2021,11,22100
2021,12,27289
2022,1,29588
2022,2,22407
2022,3,23922
2022,4,22700
2022,5,21663
2022,6,20577
2022,7,23143
2022,8,25984
2022,9,24155
2022,10,25601
2022,11,25815
2022,12,30591
2023,1,32331
2023,2,24645
2023,3,28886
2023,4,18180
2023,5,10162
2023,6,6362
2023,7,4960
2023,8,3585
2023,9,238
